FAMID,NEIGHID,ATTAIN,DEPRIVE
1,26,1.52,0.53
2,26,-1.33,0.53
3,26,0.56,0.53
4,26,1.52,0.53
5,26,-1.33,0.53
6,27,-0.13,1.23
7,29,0.03,1
8,29,0.56,1
9,29,0.16,1
10,29,-0.36,1
11,29,-1.33,1
12,29,-1.33,1
13,29,0.74,1
14,29,0.16,1
15,29,-1.33,1
16,30,1.52,0.81
17,30,-0.13,0.81
18,31,2.42,1.09
19,31,-1.33,1.09
20,32,0.03,0.89
21,32,0.26,0.89
22,32,-0.36,0.89
23,32,0.74,0.89
24,32,0.03,0.89
25,32,-0.36,0.89
26,33,-0.36,1.62
27,33,-1.33,1.62
28,33,-1.33,1.62
29,33,-0.36,1.62
30,35,-1.33,1.4
31,35,-1.33,1.4
32,35,-1.33,1.4
33,36,0.26,1.3
34,36,0.74,1.3
35,37,-1.33,1.85
36,38,-1.33,0.73
37,38,-1.33,0.73
38,38,0.74,0.73
39,38,-0.36,0.73
40,38,-0.13,0.73
41,39,-0.36,1.1
42,39,-0.13,1.1
43,39,-1.33,1.1
44,40,-1.33,1.39
45,40,0.56,1.39
46,40,-1.33,1.39
47,40,0.03,1.39
48,41,-1.33,1.31
49,47,-0.13,1.28
50,47,-1.33,1.28
51,47,-1.33,1.28
52,47,-0.13,1.28
53,47,0.26,1.28
54,47,-1.33,1.28
55,47,-0.36,1.28
56,47,-0.36,1.28
57,48,0.03,0.73
58,48,-1.33,0.73
59,48,-0.13,0.73
60,48,-1.33,0.73
61,48,-1.33,0.73
62,49,0.26,1.73
63,49,0.39,1.73
64,49,0.03,1.73
65,49,-1.33,1.73
66,49,0.03,1.73
67,49,-1.33,1.73
68,50,-1.33,2.34
69,50,-1.33,2.34
70,50,-1.33,2.34
71,50,-1.33,2.34
72,50,-1.33,2.34
73,50,-1.33,2.34
74,51,-1.33,2.3
75,51,-1.33,2.3
76,51,0.91,2.3
77,51,-1.33,2.3
78,51,-0.36,2.3
79,51,-1.33,2.3
80,52,-1.33,1.28
81,52,1.14,1.28
82,52,0.74,1.28
83,52,-1.33,1.28
84,53,-1.33,0.74
85,53,-0.36,0.74
86,53,2.42,0.74
87,53,-1.33,0.74
88,54,0.91,1.01
89,54,-1.33,1.01
90,54,-1.33,1.01
91,54,-0.36,1.01
92,55,0.16,1.67
93,55,-0.36,1.67
94,56,0.91,1.56
95,56,-0.13,1.56
96,56,-0.13,1.56
97,56,-1.33,1.56
98,57,0.56,1.1
99,57,-0.58,1.1
100,57,-1.33,1.1
101,57,-1.33,1.1
102,57,-1.33,1.1
103,58,-0.36,1.71
104,58,0.26,1.71
105,58,0.16,1.71
106,58,-0.58,1.71
107,59,-1.33,0.65
108,59,0.16,0.65
109,59,-1.33,0.65
110,60,1.52,0.82
111,60,-1.33,0.82
112,60,0.56,0.82
113,60,0.91,0.82
114,60,-1.33,0.82
115,60,0.26,0.82
116,61,-1.33,1.17
117,61,0.39,1.17
118,61,1.14,1.17
119,61,0.03,1.17
120,61,0.16,1.17
121,61,-0.36,1.17
122,62,0.56,0.68
123,62,-1.33,0.68
124,62,0.03,0.68
125,62,0.39,0.68
126,62,-0.36,0.68
127,62,0.56,0.68
128,64,0.39,1.39
129,65,0.91,0.71
130,66,1.14,0.87
131,66,0.16,0.87
132,66,-0.13,0.87
133,66,-0.58,0.87
134,66,0.56,0.87
135,66,0.39,0.87
136,67,-0.13,0.49
137,67,-0.36,0.49
138,67,-0.58,0.49
139,67,2.42,0.49
140,67,-1.33,0.49
141,68,0.16,0.88
142,68,2.42,0.88
143,68,-1.33,0.88
144,68,-1.33,0.88
145,68,-1.33,0.88
146,68,-1.33,0.88
147,69,-0.13,1.16
148,69,1.14,1.16
149,69,-0.36,1.16
150,69,0.26,1.16
151,69,0.56,1.16
152,69,0.91,1.16
153,69,-1.33,1.16
154,70,-1.33,1.89
155,70,-1.33,1.89
156,70,-1.33,1.89
157,70,-1.33,1.89
158,119,-1.33,1.5
159,119,-1.33,1.5
160,119,-0.36,1.5
161,119,0.16,1.5
162,119,-1.33,1.5
163,120,-0.36,1.44
164,120,-1.33,1.44
165,121,-1.33,1.17
166,121,2.42,1.17
167,122,0.03,1.44
168,122,0.26,1.44
169,122,0.56,1.44
170,123,-0.36,1.2
171,123,-1.33,1.2
172,123,1.14,1.2
173,123,-0.58,1.2
174,123,0.74,1.2
175,124,0.03,1.39
176,125,-1.33,0.86
177,125,-1.33,0.86
178,125,0.91,0.86
179,126,-1.33,1.23
180,126,-1.33,1.23
181,126,1.14,1.23
182,126,0.03,1.23
183,126,-0.58,1.23
184,126,1.52,1.23
185,126,-1.33,1.23
186,127,-0.58,0.89
187,127,-1.33,0.89
188,127,-1.33,0.89
189,128,0.16,0.64
190,128,-0.13,0.64
191,128,-0.58,0.64
192,128,0.74,0.64
193,128,1.52,0.64
194,128,-1.33,0.64
195,130,-1.33,0.54
196,130,-0.13,0.54
197,130,0.03,0.54
198,130,1.52,0.54
199,130,0.56,0.54
200,133,-1.33,1.66
201,133,0.56,1.66
202,133,-0.13,1.66
203,133,-1.33,1.66
204,134,0.16,1.02
205,135,-0.36,1.68
206,135,-1.33,1.68
207,136,-1.33,1.36
208,136,-1.33,1.36
209,136,-1.33,1.36
210,137,-1.33,1.54
211,137,0.03,1.54
212,137,-1.33,1.54
213,138,0.03,1.32
214,139,-1.33,0.91
215,139,0.03,0.91
216,139,0.39,0.91
217,139,-0.36,0.91
218,139,1.14,0.91
219,139,0.56,0.91
220,139,-0.13,0.91
221,139,0.26,0.91
222,140,0.03,1.61
223,140,0.03,1.61
224,140,-0.36,1.61
225,140,-1.33,1.61
226,140,-0.36,1.61
227,140,-1.33,1.61
228,140,-1.33,1.61
229,140,1.14,1.61
230,143,2.42,0.68
231,143,-0.13,0.68
232,144,-1.33,1.3
233,144,-1.33,1.3
234,144,-1.33,1.3
235,144,-0.13,1.3
236,144,1.52,1.3
237,144,0.16,1.3
238,145,0.03,1.42
239,145,0.91,1.42
240,145,-1.33,1.42
241,145,1.14,1.42
242,145,-0.36,1.42
243,145,-1.33,1.42
244,145,-0.13,1.42
245,146,1.52,1.03
246,146,-0.58,1.03
247,147,0.91,0.85
248,147,0.91,0.85
249,148,0.03,0.52
250,148,0.56,0.52
251,148,1.52,0.52
252,148,1.52,0.52
253,148,-0.13,0.52
254,148,0.56,0.52
255,148,0.26,0.52
256,149,0.74,0.88
257,149,0.56,0.88
258,149,0.39,0.88
259,149,0.91,0.88
260,150,-1.33,0.68
261,150,0.26,0.68
262,150,0.39,0.68
263,150,0.56,0.68
264,151,0.74,0.18
265,151,0.74,0.18
266,151,0.39,0.18
267,151,0.74,0.18
268,151,1.14,0.18
269,151,1.52,0.18
270,152,0.26,0.9
271,152,-1.33,0.9
272,152,-1.33,0.9
273,152,0.39,0.9
274,152,-0.36,0.9
275,152,-0.36,0.9
276,152,-1.33,0.9
277,153,-0.13,1.12
278,153,1.14,1.12
279,153,0.91,1.12
280,153,0.91,1.12
281,153,0.74,1.12
282,153,-0.58,1.12
283,153,0.56,1.12
284,153,-0.13,1.12
285,153,1.14,1.12
286,154,-1.33,2.13
287,154,-0.36,2.13
288,154,0.03,2.13
289,155,-1.33,0.98
290,155,-1.33,0.98
291,155,0.91,0.98
292,155,-0.36,0.98
293,155,0.03,0.98
294,155,-1.33,0.98
295,155,0.03,0.98
296,156,-0.36,2.81
297,157,-1.33,1.25
298,157,-1.33,1.25
299,157,-1.33,1.25
300,158,0.16,1.67
301,158,-1.33,1.67
302,166,-0.36,0.42
303,168,-1.33,0.65
304,168,-1.33,0.65
305,168,0.39,0.65
306,168,0.91,0.65
307,169,-0.36,1.14
308,169,0.74,1.14
309,169,0.39,1.14
310,169,-0.36,1.14
311,169,-0.13,1.14
312,169,0.16,1.14
313,169,2.42,1.14
314,169,-0.13,1.14
315,169,-0.36,1.14
316,170,-0.36,0.85
317,170,-0.13,0.85
318,171,-0.36,1.27
319,171,-1.33,1.27
320,171,-1.33,1.27
321,171,-1.33,1.27
322,171,0.16,1.27
323,171,0.16,1.27
324,171,0.39,1.27
325,172,-0.13,0.82
326,172,1.52,0.82
327,174,2.42,1.32
328,174,0.91,1.32
329,174,0.56,1.32
330,174,0.39,1.32
331,174,0.39,1.32
332,174,1.52,1.32
333,174,0.91,1.32
334,175,-1.33,1.1
335,175,0.39,1.1
336,175,0.39,1.1
337,175,-0.13,1.1
338,175,0.03,1.1
339,176,0.03,0.76
340,176,-0.58,0.76
341,176,1.14,0.76
342,176,1.14,0.76
343,176,-1.33,0.76
344,177,-1.33,0.61
345,177,0.16,0.61
346,177,0.26,0.61
347,177,0.03,0.61
348,177,0.26,0.61
349,177,0.74,0.61
350,178,0.16,0.8
351,178,0.39,0.8
352,178,0.74,0.8
353,178,0.26,0.8
354,178,2.42,0.8
355,179,-0.58,0.83
356,179,0.39,0.83
357,179,0.39,0.83
358,179,0.16,0.83
359,179,1.52,0.83
360,180,0.39,0.93
361,180,0.91,0.93
362,180,1.52,0.93
363,181,0.91,1.3
364,181,-1.33,1.3
365,181,0.16,1.3
366,181,-1.33,1.3
367,181,-1.33,1.3
368,181,-1.33,1.3
369,181,0.91,1.3
370,181,-0.58,1.3
371,182,-1.33,1.14
372,182,0.56,1.14
373,182,-1.33,1.14
374,183,0.39,1.05
375,184,0.03,1.13
376,184,-1.33,1.13
377,184,-0.58,1.13
378,184,0.03,1.13
379,184,-1.33,1.13
380,184,-0.13,1.13
381,185,-1.33,0.69
382,185,0.39,0.69
383,186,-1.33,0.54
384,186,-1.33,0.54
385,186,-0.58,0.54
386,187,0.91,0.99
387,187,2.42,0.99
388,187,-1.33,0.99
389,187,-0.58,0.99
390,187,0.39,0.99
391,188,-1.33,1.07
392,188,-1.33,1.07
393,188,-0.58,1.07
394,188,0.74,1.07
395,189,0.39,0.56
396,189,-1.33,0.56
397,190,-0.13,0.71
398,190,-0.58,0.71
399,190,0.39,0.71
400,190,1.14,0.71
401,190,-1.33,0.71
402,190,-1.33,0.71
403,190,0.03,0.71
404,191,-0.36,0.4
405,191,-1.33,0.4
406,191,-1.33,0.4
407,192,0.56,0.99
408,192,-1.33,0.99
409,192,-0.58,0.99
410,192,-1.33,0.99
411,192,0.39,0.99
412,193,-0.58,1.86
413,193,2.42,1.86
414,193,-1.33,1.86
415,193,-0.36,1.86
416,194,2.42,0.62
417,194,0.91,0.62
418,194,0.26,0.62
419,194,-0.36,0.62
420,195,-1.33,2.65
421,195,-1.33,2.65
422,195,-1.33,2.65
423,195,0.39,2.65
424,195,0.26,2.65
425,195,-0.13,2.65
426,195,-0.36,2.65
427,195,-1.33,2.65
428,195,-1.33,2.65
429,197,0.39,1.38
430,197,-1.33,1.38
431,197,-0.36,1.38
432,197,1.14,1.38
433,197,0.74,1.38
434,198,-0.13,1.68
435,198,0.16,1.68
436,198,0.26,1.68
437,198,-1.33,1.68
438,199,-0.36,1.57
439,199,0.03,1.57
440,199,0.03,1.57
441,199,0.39,1.57
442,199,-0.13,1.57
443,199,0.39,1.57
444,199,-1.33,1.57
445,200,-0.13,1.05
446,210,0.74,0.56
447,210,0.03,0.56
448,210,-0.36,0.56
449,210,2.42,0.56
450,210,-0.13,0.56
451,210,2.42,0.56
452,211,0.03,0.92
453,211,-0.36,0.92
454,212,0.91,1.23
455,212,-0.36,1.23
456,212,0.03,1.23
457,213,-0.13,0.86
458,215,1.14,0.67
459,215,-1.33,0.67
460,216,0.91,0.44
461,216,0.56,0.44
462,216,1.14,0.44
463,216,0.39,0.44
464,216,0.39,0.44
465,216,-0.36,0.44
466,216,1.52,0.44
467,216,2.42,0.44
468,216,1.14,0.44
469,216,1.52,0.44
470,216,0.74,0.44
471,216,0.74,0.44
472,217,-0.36,0.62
473,217,0.16,0.62
474,217,-1.33,0.62
475,217,0.39,0.62
476,217,-0.58,0.62
477,217,0.91,0.62
478,218,-1.33,1.96
479,218,-0.36,1.96
480,218,-0.36,1.96
481,218,-1.33,1.96
482,218,1.14,1.96
483,218,-1.33,1.96
484,218,0.56,1.96
485,219,0.16,1.6
486,219,-1.33,1.6
487,219,0.91,1.6
488,220,0.26,0.97
489,220,-1.33,0.97
490,220,-0.36,0.97
491,220,0.03,0.97
492,220,0.74,0.97
493,220,0.03,0.97
494,221,-0.58,1.31
495,221,-0.13,1.31
496,221,-0.36,1.31
497,222,0.74,0.94
498,222,1.14,0.94
499,222,0.39,0.94
500,223,-0.13,0.78
501,223,0.56,0.78
502,223,0.03,0.78
503,224,-1.33,1.25
504,224,0.03,1.25
505,224,-0.58,1.25
506,224,-0.13,1.25
507,224,0.26,1.25
508,224,2.42,1.25
509,225,0.91,2.45
510,226,-0.36,1.08
511,226,-0.13,1.08
512,226,-1.33,1.08
513,226,0.26,1.08
514,226,-0.13,1.08
515,227,0.91,0.64
516,227,0.56,0.64
517,227,2.42,0.64
518,227,0.74,0.64
519,227,0.56,0.64
520,227,-0.36,0.64
521,228,1.52,0.59
522,229,-1.33,0.84
523,229,-1.33,0.84
524,229,0.16,0.84
525,229,0.74,0.84
526,229,0.74,0.84
527,229,-1.33,0.84
528,229,1.14,0.84
529,229,0.39,0.84
530,229,-0.36,0.84
531,229,0.56,0.84
532,229,0.56,0.84
533,229,0.74,0.84
534,230,-0.13,0.86
535,230,0.39,0.86
536,230,0.26,0.86
537,230,0.74,0.86
538,230,1.52,0.86
539,230,1.14,0.86
540,230,0.74,0.86
541,231,0.16,1.01
542,231,-0.58,1.01
543,231,0.16,1.01
544,231,-1.33,1.01
545,231,0.26,1.01
546,231,-0.58,1.01
547,232,-0.13,1.53
548,232,0.39,1.53
549,232,0.26,1.53
550,232,-0.58,1.53
551,233,-0.58,1.12
552,233,0.39,1.12
553,233,0.39,1.12
554,233,0.91,1.12
555,234,-0.36,1.38
556,234,0.39,1.38
557,234,-1.33,1.38
558,235,-0.36,2.21
559,235,0.16,2.21
560,235,-0.13,2.21
561,235,0.39,2.21
562,236,0.03,2.1
563,236,-0.58,2.1
564,236,-0.13,2.1
565,237,-0.13,2.22
566,237,0.26,2.22
567,237,-1.33,2.22
568,238,0.91,1.77
569,238,-0.36,1.77
570,239,-0.36,2.1
571,239,0.16,2.1
572,239,0.03,2.1
573,239,0.03,2.1
574,239,0.74,2.1
575,240,0.03,1.61
576,240,-0.58,1.61
577,240,-1.33,1.61
578,240,-0.58,1.61
579,241,-1.33,2.17
580,241,-1.33,2.17
581,241,-1.33,2.17
582,241,0.56,2.17
583,242,-1.33,2.7
584,242,-1.33,2.7
585,243,-1.33,1.46
586,243,-0.36,1.46
587,245,-1.33,1.92
588,245,-1.33,1.92
589,247,1.52,2.1
590,247,-0.58,2.1
591,247,1.14,2.1
592,248,-0.13,1.76
593,248,-1.33,1.76
594,248,0.03,1.76
595,248,-0.36,1.76
596,248,0.26,1.76
597,248,0.16,1.76
598,249,0.39,1.09
599,249,0.74,1.09
600,249,0.16,1.09
601,249,0.26,1.09
602,249,-1.33,1.09
603,249,0.39,1.09
604,249,0.26,1.09
605,250,-0.36,2
606,251,-1.33,0.98
607,251,-1.33,0.98
608,251,0.03,0.98
609,251,0.91,0.98
610,251,-1.33,0.98
611,252,0.74,0.46
612,252,-0.36,0.46
613,252,1.52,0.46
614,252,2.42,0.46
615,252,-1.33,0.46
616,253,0.26,1.54
617,253,-0.36,1.54
618,253,-1.33,1.54
619,256,1.52,1.91
620,256,-1.33,1.91
621,258,0.16,0.03
622,258,1.52,0.03
623,258,0.74,0.03
624,258,0.26,0.03
625,258,1.14,0.03
626,259,-0.58,0.15
627,259,1.14,0.15
628,259,0.91,0.15
629,259,1.52,0.15
630,259,1.14,0.15
631,259,2.42,0.15
632,259,1.52,0.15
633,259,0.74,0.15
634,259,1.14,0.15
635,260,0.91,0.05
636,260,2.42,0.05
637,260,2.42,0.05
638,260,1.52,0.05
639,260,1.52,0.05
640,260,1.14,0.05
641,260,-0.36,0.05
642,261,0.56,0.36
643,261,0.56,0.36
644,261,2.42,0.36
645,261,0.91,0.36
646,261,0.91,0.36
647,261,1.14,0.36
648,261,2.42,0.36
649,262,0.03,0.52
650,262,0.74,0.52
651,262,0.74,0.52
652,262,-1.33,0.52
653,262,-0.36,0.52
654,262,0.03,0.52
655,262,-0.36,0.52
656,263,-0.36,0.34
657,263,2.42,0.34
658,263,1.14,0.34
659,263,0.39,0.34
660,263,1.52,0.34
661,263,0.26,0.34
662,263,1.52,0.34
663,263,0.39,0.34
664,263,0.26,0.34
665,263,1.52,0.34
666,263,0.74,0.34
667,263,0.16,0.34
668,263,0.39,0.34
669,263,0.91,0.34
670,263,1.14,0.34
671,263,0.56,0.34
672,264,0.56,0.37
673,264,0.26,0.37
674,264,-1.33,0.37
675,264,1.52,0.37
676,264,1.14,0.37
677,264,1.14,0.37
678,264,0.74,0.37
679,265,0.74,0.15
680,265,1.14,0.15
681,265,0.74,0.15
682,265,0.26,0.15
683,265,1.52,0.15
684,265,0.91,0.15
685,265,0.39,0.15
686,265,-0.36,0.15
687,266,1.14,0.23
688,266,0.74,0.23
689,266,-0.58,0.23
690,266,0.39,0.23
691,266,-0.13,0.23
692,266,0.74,0.23
693,266,0.16,0.23
694,267,1.52,0.4
695,267,0.39,0.4
696,267,0.91,0.4
697,267,0.26,0.4
698,267,2.42,0.4
699,267,0.91,0.4
700,288,2.42,0.4
701,288,0.39,0.4
702,288,1.14,0.4
703,288,0.39,0.4
704,288,-0.36,0.4
705,288,0.39,0.4
706,290,-1.33,0.64
707,293,0.16,0.64
708,293,0.91,0.64
709,295,1.14,0.3
710,295,1.14,0.3
711,295,2.42,0.3
712,295,1.52,0.3
713,295,1.14,0.3
714,296,0.16,0.53
715,296,2.42,0.53
716,296,0.03,0.53
717,297,0.03,0.3
718,297,2.42,0.3
719,297,-0.58,0.3
720,297,2.42,0.3
721,298,0.39,0.38
722,298,-0.36,0.38
723,298,0.91,0.38
724,298,0.39,0.38
725,298,-0.58,0.38
726,298,2.42,0.38
727,298,0.56,0.38
728,298,0.74,0.38
729,298,0.16,0.38
730,299,1.14,0.29
731,299,1.14,0.29
732,299,0.74,0.29
733,299,-0.36,0.29
734,299,-0.36,0.29
735,299,2.42,0.29
736,299,0.74,0.29
737,299,0.56,0.29
738,300,1.14,0.26
739,300,0.39,0.26
740,300,0.56,0.26
741,301,1.52,0.12
742,314,1.52,0.77
743,314,-1.33,0.77
744,314,0.39,0.77
745,314,2.42,0.77
746,315,1.52,0.99
747,315,-1.33,0.99
748,315,-0.36,0.99
749,317,0.16,0.41
750,317,-0.58,0.41
751,318,-0.36,1.43
752,318,-0.36,1.43
753,318,-1.33,1.43
754,318,0.03,1.43
755,318,0.03,1.43
756,318,-0.13,1.43
757,318,-0.36,1.43
758,318,-1.33,1.43
759,319,1.52,0.51
760,344,0.03,1.34
761,344,-0.36,1.34
762,345,-0.36,1
763,346,0.56,0.94
764,346,0.16,0.94
765,347,0.91,0.82
766,347,-1.33,0.82
767,347,-0.13,0.82
768,347,1.52,0.82
769,348,-1.33,1.27
770,348,0.03,1.27
771,348,2.42,1.27
772,348,-0.58,1.27
773,348,0.56,1.27
774,348,-1.33,1.27
775,348,2.42,1.27
776,348,-1.33,1.27
777,349,0.74,0.84
778,349,0.39,0.84
779,349,0.91,0.84
780,349,-1.33,0.84
781,350,0.74,0.89
782,350,-1.33,0.89
783,351,-1.33,1.2
784,351,1.52,1.2
785,351,1.14,1.2
786,351,-0.36,1.2
787,351,0.03,1.2
788,351,0.03,1.2
789,351,0.56,1.2
790,351,-0.36,1.2
791,351,0.16,1.2
792,353,1.14,0
793,382,0.91,0.14
794,382,-1.33,0.14
795,382,0.39,0.14
796,382,2.42,0.14
797,382,1.52,0.14
798,382,0.26,0.14
799,382,0.03,0.14
800,383,0.26,1.92
801,383,-0.36,1.92
802,383,1.52,1.92
803,383,-0.58,1.92
804,384,-1.33,0.7
805,384,-0.36,0.7
806,387,1.14,0.54
807,388,2.42,0.44
808,388,0.56,0.44
809,388,0.16,0.44
810,388,-0.58,0.44
811,389,0.91,0.84
812,389,-1.33,0.84
813,389,2.42,0.84
814,389,0.39,0.84
815,389,0.91,0.84
816,389,-0.13,0.84
817,389,-0.13,0.84
818,391,-1.33,0.94
819,391,1.52,0.94
820,391,0.56,0.94
821,391,2.42,0.94
822,391,2.42,0.94
823,391,1.52,0.94
824,391,0.39,0.94
825,391,0.56,0.94
826,392,0.56,0.88
827,392,0.26,0.88
828,392,0.56,0.88
829,392,-0.36,0.88
830,394,-0.13,0.74
831,394,0.16,0.74
832,394,-1.33,0.74
833,395,0.74,0.28
834,396,0.56,1.96
835,396,0.39,1.96
836,397,-0.36,1.65
837,398,0.74,1.68
838,398,0.16,1.68
839,398,-0.58,1.68
840,398,-0.58,1.68
841,399,0.03,1.49
842,400,1.52,0.94
843,400,0.26,0.94
844,400,0.26,0.94
845,401,0.16,1.32
846,401,0.91,1.32
847,401,0.39,1.32
848,402,0.39,0.56
849,402,-0.58,0.56
850,402,0.39,0.56
851,403,0.16,0.65
852,403,2.42,0.65
853,403,-1.33,0.65
854,403,-1.33,0.65
855,403,-0.36,0.65
856,403,0.74,0.65
857,404,2.42,0.85
858,404,0.16,0.85
859,405,-1.33,1.7
860,405,0.56,1.7
861,413,-1.33,2.29
862,413,0.74,2.29
863,413,-0.36,2.29
864,414,0.39,1.4
865,414,-0.13,1.4
866,416,-1.33,1.33
867,417,-0.13,1.18
868,417,-1.33,1.18
869,417,0.16,1.18
870,418,0.91,2.84
871,418,-0.58,2.84
872,418,-1.33,2.84
873,419,-0.58,3.26
874,419,-1.33,3.26
875,420,0.56,1.19
876,420,0.03,1.19
877,420,-0.36,1.19
878,422,0.91,0.62
879,424,0.16,0.73
880,424,0.16,0.73
881,424,0.26,0.73
882,425,-0.36,0.63
883,425,0.03,0.63
884,426,-0.36,0.35
885,426,0.91,0.35
886,426,1.52,0.35
887,427,0.16,0.63
888,427,0.56,0.63
889,427,0.39,0.63
890,427,0.91,0.63
891,427,0.03,0.63
892,427,0.74,0.63
893,428,1.52,0.7
894,428,1.52,0.7
895,428,1.14,0.7
896,428,1.14,0.7
897,428,1.52,0.7
898,428,1.52,0.7
899,428,1.14,0.7
900,429,0.03,0.83
901,429,-0.36,0.83
902,430,1.14,0.83
903,431,0.56,0.88
904,431,0.26,0.88
905,431,-0.36,0.88
906,431,-0.58,0.88
907,432,-0.36,0.9
908,432,1.14,0.9
909,434,1.52,0.46
910,434,1.52,0.46
911,435,0.74,0.72
912,436,-1.33,1.67
913,436,-0.36,1.67
914,437,-1.33,1.82
915,437,-1.33,1.82
916,437,0.03,1.82
917,437,-1.33,1.82
918,437,-1.33,1.82
919,437,-1.33,1.82
920,437,-1.33,1.82
921,437,-1.33,1.82
922,438,-1.33,1.6
923,438,1.52,1.6
924,438,-0.58,1.6
925,439,0.03,2.18
926,439,-1.33,2.18
927,439,-1.33,2.18
928,439,-0.13,2.18
929,439,-0.36,2.18
930,439,0.16,2.18
931,439,-1.33,2.18
932,439,-1.33,2.18
933,440,0.74,1.27
934,440,-1.33,1.27
935,441,0.16,0.68
936,441,-1.33,0.68
937,442,0.91,1.7
938,442,-0.36,1.7
939,442,-1.33,1.7
940,444,-1.33,2.06
941,446,-0.36,1.01
942,447,0.03,0.32
943,447,0.03,0.32
944,447,-1.33,0.32
945,447,0.56,0.32
946,447,1.14,0.32
947,449,0.91,0.87
948,449,1.52,0.87
949,449,0.74,0.87
950,450,-0.36,0.87
951,451,0.03,1.57
952,451,-0.36,1.57
953,451,0.56,1.57
954,451,-1.33,1.57
955,451,-1.33,1.57
956,452,2.42,1.05
957,452,0.74,1.05
958,453,-1.33,0.81
959,453,-1.33,0.81
960,453,-1.33,0.81
961,454,1.52,2.12
962,454,-1.33,2.12
963,454,-0.58,2.12
964,454,0.56,2.12
965,454,-1.33,2.12
966,454,0.03,2.12
967,454,0.39,2.12
968,454,0.91,2.12
969,454,-1.33,2.12
970,456,1.52,0.28
971,456,1.52,0.28
972,456,0.91,0.28
973,456,0.74,0.28
974,456,0.56,0.28
975,456,0.16,0.28
976,457,-0.36,1.15
977,458,-1.33,0.91
978,458,-1.33,0.91
979,458,-1.33,0.91
980,458,0.03,0.91
981,458,-1.33,0.91
982,459,0.16,0.61
983,459,0.56,0.61
984,459,-0.13,0.61
985,460,-0.36,0.88
986,460,0.03,0.88
987,460,0.74,0.88
988,461,0.16,1.92
989,461,-0.13,1.92
990,461,-0.58,1.92
991,461,-0.36,1.92
992,461,0.56,1.92
993,461,-1.33,1.92
994,462,1.52,0.68
995,463,-0.58,0.78
996,464,-0.58,0.69
997,464,-0.36,0.69
998,465,1.14,0.63
999,465,-0.36,0.63
1000,465,-0.36,0.63
1001,465,0.26,0.63
1002,465,-1.33,0.63
1003,465,-0.36,0.63
1004,465,0.16,0.63
1005,465,-0.58,0.63
1006,465,-0.36,0.63
1007,465,1.14,0.63
1008,465,-0.58,0.63
1009,466,-1.33,2.16
1010,466,-1.33,2.16
1011,466,-1.33,2.16
1012,466,1.14,2.16
1013,466,2.42,2.16
1014,466,-0.36,2.16
1015,467,-0.13,2.26
1016,467,-1.33,2.26
1017,467,-1.33,2.26
1018,468,-1.33,2.34
1019,468,0.39,2.34
1020,468,-1.33,2.34
1021,469,1.52,3.09
1022,469,-1.33,3.09
1023,469,-0.58,3.09
1024,470,-0.13,0.75
1025,470,-0.13,0.75
1026,471,-1.33,1.03
1027,471,-0.36,1.03
1028,471,0.26,1.03
1029,471,0.91,1.03
1030,472,0.39,0.6
1031,472,1.52,0.6
1032,472,-0.36,0.6
1033,472,1.14,0.6
1034,491,1.14,0.67
1035,491,1.14,0.67
1036,491,1.52,0.67
1037,491,1.52,0.67
1038,492,-0.36,0.36
1039,492,2.42,0.36
1040,492,0.74,0.36
1041,493,-0.13,0.46
1042,493,-0.13,0.46
1043,493,2.42,0.46
1044,493,1.52,0.46
1045,493,-1.33,0.46
1046,494,0.39,0.57
1047,494,0.16,0.57
1048,494,1.14,0.57
1049,496,0.91,2.08
1050,496,0.39,2.08
1051,496,1.14,2.08
1052,496,1.14,2.08
1053,497,-1.33,2
1054,497,-1.33,2
1055,497,-1.33,2
1056,497,-0.58,2
1057,497,0.56,2
1058,497,1.14,2
1059,498,0.26,0.76
1060,498,0.39,0.76
1061,498,1.52,0.76
1062,498,-0.58,0.76
1063,498,-1.33,0.76
1064,498,2.42,0.76
1065,499,-0.13,0.7
1066,499,0.56,0.7
1067,502,1.52,0.56
1068,503,2.42,0.66
1069,503,-1.33,0.66
1070,503,-0.36,0.66
1071,503,1.52,0.66
1072,503,0.91,0.66
1073,503,2.42,0.66
1074,504,-0.36,0.51
1075,506,-1.33,3.5
1076,506,0.74,3.5
1077,507,1.14,4
1078,507,-0.58,4
1079,507,0.74,4
1080,507,-1.33,4
1081,507,0.03,4
1082,507,-1.33,4
1083,508,0.74,1.91
1084,508,-1.33,1.91
1085,508,0.39,1.91
1086,508,-0.36,1.91
1087,508,-1.33,1.91
1088,509,-0.13,1.74
1089,509,0.74,1.74
1090,509,-0.13,1.74
1091,509,-1.33,1.74
1092,509,1.52,1.74
1093,510,-0.36,1.34
1094,510,-0.36,1.34
1095,510,0.56,1.34
1096,510,-1.33,1.34
1097,511,0.74,1.38
1098,511,0.74,1.38
1099,511,-0.13,1.38
1100,511,-0.36,1.38
1101,511,1.14,1.38
1102,512,0.26,0.92
1103,512,0.03,0.92
1104,513,-0.36,0.59
1105,515,0.03,0.74
1106,515,-1.33,0.74
1107,517,1.14,0.89
1108,517,-1.33,0.89
1109,517,0.16,0.89
1110,517,-1.33,0.89
1111,517,-0.36,0.89
1112,517,-0.36,0.89
1113,517,-0.36,0.89
1114,518,0.56,0.88
1115,518,-1.33,0.88
1116,518,0.03,0.88
1117,519,0.16,0.26
1118,519,1.52,0.26
1119,519,0.56,0.26
1120,519,0.74,0.26
1121,519,0.03,0.26
1122,519,1.52,0.26
1123,519,1.14,0.26
1124,519,1.52,0.26
1125,520,1.14,0.38
1126,520,1.52,0.38
1127,520,0.91,0.38
1128,520,2.42,0.38
1129,520,0.91,0.38
1130,524,-1.33,0.35
1131,525,-1.33,0.1
1132,525,0.39,0.1
1133,526,0.56,0.32
1134,526,-1.33,0.32
1135,526,2.42,0.32
1136,526,1.52,0.32
1137,526,0.91,0.32
1138,526,2.42,0.32
1139,527,-1.33,1.11
1140,527,-1.33,1.11
1141,528,-0.36,1.72
1142,528,-1.33,1.72
1143,528,0.56,1.72
1144,528,-0.13,1.72
1145,528,-1.33,1.72
1146,529,-0.36,1.08
1147,529,-0.13,1.08
1148,529,-0.13,1.08
1149,529,-0.58,1.08
1150,529,-1.33,1.08
1151,529,-1.33,1.08
1152,530,-1.33,1.06
1153,530,-0.13,1.06
1154,530,-1.33,1.06
1155,530,-1.33,1.06
1156,530,-0.36,1.06
1157,531,0.03,1.21
1158,531,-1.33,1.21
1159,531,-1.33,1.21
1160,532,1.14,1.27
1161,532,2.42,1.27
1162,533,0.56,1.43
1163,533,0.74,1.43
1164,534,-1.33,1.37
1165,534,-1.33,1.37
1166,534,0.16,1.37
1167,534,0.26,1.37
1168,535,-0.58,1.85
1169,535,-1.33,1.85
1170,535,0.91,1.85
1171,535,0.56,1.85
1172,535,0.26,1.85
1173,535,-1.33,1.85
1174,535,-0.13,1.85
1175,535,-1.33,1.85
1176,535,-0.58,1.85
1177,536,0.03,1.79
1178,536,0.74,1.79
1179,536,0.56,1.79
1180,537,0.56,1.33
1181,537,1.52,1.33
1182,537,0.74,1.33
1183,537,-1.33,1.33
1184,537,0.03,1.33
1185,537,-0.13,1.33
1186,537,-1.33,1.33
1187,537,-1.33,1.33
1188,538,0.74,1.57
1189,538,0.16,1.57
1190,539,2.42,1.43
1191,539,0.39,1.43
1192,539,0.39,1.43
1193,539,-0.58,1.43
1194,539,-1.33,1.43
1195,540,0.03,2.09
1196,540,-1.33,2.09
1197,540,0.03,2.09
1198,540,-0.36,2.09
1199,540,-1.33,2.09
1200,541,0.03,1.13
1201,541,0.03,1.13
1202,541,-1.33,1.13
1203,541,-0.36,1.13
1204,541,-1.33,1.13
1205,541,-0.13,1.13
1206,541,0.16,1.13
1207,541,-0.36,1.13
1208,542,0.26,0.2
1209,542,1.52,0.2
1210,542,1.52,0.2
1211,542,1.14,0.2
1212,542,1.14,0.2
1213,542,0.26,0.2
1214,542,0.91,0.2
1215,542,-0.13,0.2
1216,542,2.42,0.2
1217,542,0.56,0.2
1218,542,-0.58,0.2
1219,543,-0.13,0.4
1220,543,-0.36,0.4
1221,543,0.56,0.4
1222,543,-0.36,0.4
1223,543,1.52,0.4
1224,543,-0.36,0.4
1225,543,2.42,0.4
1226,543,1.52,0.4
1227,543,-0.13,0.4
1228,543,0.56,0.4
1229,544,1.14,0.21
1230,544,2.42,0.21
1231,544,0.39,0.21
1232,544,0.39,0.21
1233,544,0.03,0.21
1234,544,-0.13,0.21
1235,544,2.42,0.21
1236,544,0.91,0.21
1237,544,0.91,0.21
1238,544,0.74,0.21
1239,544,1.14,0.21
1240,544,0.56,0.21
1241,544,1.52,0.21
1242,544,1.52,0.21
1243,545,-0.58,0.43
1244,545,0.03,0.43
1245,545,-0.13,0.43
1246,545,0.39,0.43
1247,545,0.16,0.43
1248,545,0.56,0.43
1249,545,2.42,0.43
1250,545,1.14,0.43
1251,545,-1.33,0.43
1252,546,-0.36,0.2
1253,546,0.74,0.2
1254,546,2.42,0.2
1255,546,2.42,0.2
1256,546,0.56,0.2
1257,546,0.16,0.2
1258,547,-0.13,0.29
1259,547,0.56,0.29
1260,547,0.56,0.29
1261,547,0.39,0.29
1262,547,1.52,0.29
1263,547,0.03,0.29
1264,548,2.42,0.45
1265,548,-1.33,0.45
1266,548,2.42,0.45
1267,548,1.52,0.45
1268,548,1.52,0.45
1269,549,0.91,0.15
1270,549,0.56,0.15
1271,549,-0.13,0.15
1272,549,2.42,0.15
1273,549,1.14,0.15
1274,549,0.91,0.15
1275,549,-0.13,0.15
1276,549,2.42,0.15
1277,549,0.74,0.15
1278,550,0.91,0.4
1279,550,1.52,0.4
1280,550,1.52,0.4
1281,550,-0.36,0.4
1282,550,0.39,0.4
1283,550,2.42,0.4
1284,551,2.42,0.45
1285,551,-1.33,0.45
1286,551,0.26,0.45
1287,551,-1.33,0.45
1288,552,-1.33,1.47
1289,552,0.16,1.47
1290,553,-1.33,1.12
1291,553,2.42,1.12
1292,553,-0.13,1.12
1293,554,1.52,1.58
1294,554,0.56,1.58
1295,554,0.26,1.58
1296,554,1.14,1.58
1297,555,-1.33,0.99
1298,556,0.56,1
1299,556,0.39,1
1300,556,1.14,1
1301,557,-1.33,1.42
1302,557,-0.36,1.42
1303,557,-1.33,1.42
1304,557,-1.33,1.42
1305,557,0.03,1.42
1306,558,0.03,1.11
1307,558,0.74,1.11
1308,558,0.03,1.11
1309,558,0.39,1.11
1310,558,-0.36,1.11
1311,559,0.74,0.48
1312,559,1.14,0.48
1313,559,0.03,0.48
1314,559,0.91,0.48
1315,559,0.03,0.48
1316,559,0.03,0.48
1317,559,1.14,0.48
1318,560,0.16,1.15
1319,560,-0.36,1.15
1320,560,0.56,1.15
1321,560,0.39,1.15
1322,560,0.39,1.15
1323,560,0.26,1.15
1324,560,0.56,1.15
1325,561,0.74,0.52
1326,561,0.56,0.52
1327,561,-0.36,0.52
1328,561,0.26,0.52
1329,561,-1.33,0.52
1330,561,1.52,0.52
1331,561,0.39,0.52
1332,561,0.26,0.52
1333,561,0.16,0.52
1334,562,-1.33,1.01
1335,562,-1.33,1.01
1336,562,0.74,1.01
1337,562,-1.33,1.01
1338,562,-0.36,1.01
1339,562,0.56,1.01
1340,562,0.56,1.01
1341,562,0.56,1.01
1342,562,-0.36,1.01
1343,562,0.74,1.01
1344,562,0.91,1.01
1345,562,1.52,1.01
1346,562,2.42,1.01
1347,563,0.56,1
1348,563,1.52,1
1349,563,-1.33,1
1350,563,-1.33,1
1351,563,-0.13,1
1352,564,1.52,1.08
1353,564,0.39,1.08
1354,564,0.74,1.08
1355,564,0.16,1.08
1356,564,-1.33,1.08
1357,565,-1.33,3.27
1358,565,-0.36,3.27
1359,565,-1.33,3.27
1360,565,2.42,3.27
1361,565,-0.36,3.27
1362,565,-0.58,3.27
1363,566,1.52,0.59
1364,566,0.03,0.59
1365,566,0.74,0.59
1366,566,0.56,0.59
1367,567,-0.36,1.25
1368,567,-1.33,1.25
1369,567,-1.33,1.25
1370,568,0.26,1.06
1371,568,0.56,1.06
1372,568,-0.13,1.06
1373,568,0.74,1.06
1374,569,-1.33,0.88
1375,569,-0.58,0.88
1376,569,0.03,0.88
1377,569,-0.36,0.88
1378,569,0.03,0.88
1379,569,-0.13,0.88
1380,569,-1.33,0.88
1381,569,-1.33,0.88
1382,569,0.56,0.88
1383,570,1.14,0.71
1384,570,-0.36,0.71
1385,570,-1.33,0.71
1386,570,0.91,0.71
1387,570,0.74,0.71
1388,570,0.74,0.71
1389,571,-0.13,1.09
1390,571,0.16,1.09
1391,571,-0.58,1.09
1392,571,-1.33,1.09
1393,571,1.52,1.09
1394,571,0.56,1.09
1395,571,-1.33,1.09
1396,571,0.26,1.09
1397,571,1.52,1.09
1398,571,0.56,1.09
1399,571,-1.33,1.09
1400,572,-1.33,0.85
1401,572,-0.36,0.85
1402,572,-1.33,0.85
1403,572,0.26,0.85
1404,572,0.26,0.85
1405,572,-1.33,0.85
1406,572,0.74,0.85
1407,572,-1.33,0.85
1408,573,-1.33,0.7
1409,573,0.91,0.7
1410,573,0.91,0.7
1411,573,1.52,0.7
1412,573,0.03,0.7
1413,573,2.42,0.7
1414,573,-0.36,0.7
1415,573,0.26,0.7
1416,573,-0.13,0.7
1417,573,0.56,0.7
1418,645,0.39,1.26
1419,645,-0.36,1.26
1420,645,1.52,1.26
1421,645,1.52,1.26
1422,645,-0.36,1.26
1423,646,0.39,1.71
1424,646,0.91,1.71
1425,646,-0.36,1.71
1426,646,-0.58,1.71
1427,646,-0.36,1.71
1428,646,0.03,1.71
1429,646,0.26,1.71
1430,647,0.26,1.29
1431,647,0.91,1.29
1432,647,-1.33,1.29
1433,647,0.56,1.29
1434,647,-0.36,1.29
1435,647,-1.33,1.29
1436,647,0.74,1.29
1437,647,-0.13,1.29
1438,647,0.56,1.29
1439,647,2.42,1.29
1440,647,-0.13,1.29
1441,647,-0.58,1.29
1442,647,-0.58,1.29
1443,648,-0.13,1.27
1444,648,0.56,1.27
1445,648,-1.33,1.27
1446,648,0.56,1.27
1447,648,-1.33,1.27
1448,648,-0.36,1.27
1449,648,-1.33,1.27
1450,648,-1.33,1.27
1451,648,0.39,1.27
1452,650,-1.33,1.61
1453,650,0.74,1.61
1454,650,-0.13,1.61
1455,650,-1.33,1.61
1456,650,-0.36,1.61
1457,651,-1.33,1.2
1458,651,0.56,1.2
1459,651,0.91,1.2
1460,652,-0.36,0.77
1461,652,0.26,0.77
1462,652,0.39,0.77
1463,652,0.56,0.77
1464,652,0.03,0.77
1465,652,1.14,0.77
1466,652,-1.33,0.77
1467,652,2.42,0.77
1468,652,-0.36,0.77
1469,652,0.74,0.77
1470,652,0.56,0.77
1471,653,0.56,0.59
1472,653,1.52,0.59
1473,653,0.03,0.59
1474,654,-0.13,0.91
1475,654,1.14,0.91
1476,654,-0.36,0.91
1477,654,0.26,0.91
1478,654,0.26,0.91
1479,654,-1.33,0.91
1480,654,-1.33,0.91
1481,654,0.16,0.91
1482,654,0.03,0.91
1483,654,2.42,0.91
1484,655,0.91,1
1485,655,-0.13,1
1486,655,1.14,1
1487,655,-0.13,1
1488,656,0.74,1.16
1489,656,-1.33,1.16
1490,656,-1.33,1.16
1491,656,0.91,1.16
1492,656,-0.36,1.16
1493,656,-0.13,1.16
1494,656,0.74,1.16
1495,656,-0.36,1.16
1496,656,-0.58,1.16
1497,657,-1.33,1.14
1498,657,-1.33,1.14
1499,657,0.03,1.14
1500,657,0.16,1.14
1501,657,0.39,1.14
1502,657,-1.33,1.14
1503,657,-1.33,1.14
1504,657,1.52,1.14
1505,657,0.03,1.14
1506,657,-0.13,1.14
1507,657,0.56,1.14
1508,657,-1.33,1.14
1509,657,0.56,1.14
1510,657,2.42,1.14
1511,658,-0.13,0.79
1512,658,-1.33,0.79
1513,658,-1.33,0.79
1514,658,-0.36,0.79
1515,658,-1.33,0.79
1516,658,0.74,0.79
1517,658,0.56,0.79
1518,659,2.42,0.52
1519,659,0.39,0.52
1520,659,2.42,0.52
1521,659,0.39,0.52
1522,659,1.14,0.52
1523,659,1.14,0.52
1524,659,0.74,0.52
1525,659,1.52,0.52
1526,660,2.42,0.88
1527,660,0.74,0.88
1528,660,-0.58,0.88
1529,660,-1.33,0.88
1530,660,0.03,0.88
1531,661,0.74,0.68
1532,661,1.52,0.68
1533,661,0.39,0.68
1534,661,-0.36,0.68
1535,661,0.74,0.68
1536,661,0.39,0.68
1537,661,0.26,0.68
1538,661,0.74,0.68
1539,661,-1.33,0.68
1540,661,-0.36,0.68
1541,662,0.39,1.36
1542,662,0.74,1.36
1543,662,1.52,1.36
1544,663,0.16,0.86
1545,663,0.74,0.86
1546,663,0.91,0.86
1547,663,0.91,0.86
1548,663,-0.58,0.86
1549,663,0.03,0.86
1550,664,0.91,0.91
1551,664,0.39,0.91
1552,664,0.56,0.91
1553,664,1.52,0.91
1554,664,0.39,0.91
1555,665,-0.36,1.46
1556,665,0.26,1.46
1557,665,1.52,1.46
1558,665,-0.36,1.46
1559,665,-0.13,1.46
1560,665,-0.36,1.46
1561,665,-0.36,1.46
1562,666,-0.36,1.42
1563,666,-0.13,1.42
1564,666,0.03,1.42
1565,666,0.91,1.42
1566,667,2.42,1.23
1567,667,0.26,1.23
1568,667,0.26,1.23
1569,667,-0.36,1.23
1570,667,-1.33,1.23
1571,667,0.39,1.23
1572,667,0.56,1.23
1573,667,0.74,1.23
1574,667,0.03,1.23
1575,667,0.03,1.23
1576,667,0.03,1.23
1577,667,1.52,1.23
1578,667,0.16,1.23
1579,668,0.03,0.84
1580,668,-1.33,0.84
1581,668,0.91,0.84
1582,668,-1.33,0.84
1583,669,-0.36,1.19
1584,669,-0.36,1.19
1585,670,-0.36,0.73
1586,670,-1.33,0.73
1587,670,2.42,0.73
1588,670,0.39,0.73
1589,670,-1.33,0.73
1590,670,-1.33,0.73
1591,671,0.56,0.74
1592,671,0.56,0.74
1593,671,1.14,0.74
1594,672,0.03,1.08
1595,672,0.03,1.08
1596,672,0.56,1.08
1597,673,0.16,0.72
1598,673,0.91,0.72
1599,673,0.39,0.72
1600,673,-0.36,0.72
1601,673,0.39,0.72
1602,673,0.03,0.72
1603,674,-0.36,1.13
1604,674,1.52,1.13
1605,674,0.91,1.13
1606,674,-1.33,1.13
1607,674,-1.33,1.13
1608,674,-0.36,1.13
1609,675,0.74,0.9
1610,675,-0.36,0.9
1611,675,-1.33,0.9
1612,675,-0.36,0.9
1613,675,0.03,0.9
1614,675,0.56,0.9
1615,675,0.74,0.9
1616,675,0.74,0.9
1617,675,1.14,0.9
1618,675,1.52,0.9
1619,675,0.39,0.9
1620,675,0.39,0.9
1621,676,-0.58,0.86
1622,676,-0.13,0.86
1623,676,2.42,0.86
1624,676,-0.36,0.86
1625,676,1.14,0.86
1626,676,0.03,0.86
1627,677,-0.36,1.3
1628,677,-0.36,1.3
1629,677,-0.58,1.3
1630,677,0.74,1.3
1631,678,-0.36,1.03
1632,678,-1.33,1.03
1633,678,0.56,1.03
1634,678,1.52,1.03
1635,678,1.52,1.03
1636,678,0.74,1.03
1637,678,-0.36,1.03
1638,678,-0.36,1.03
1639,679,0.39,1.58
1640,679,0.39,1.58
1641,679,1.14,1.58
1642,679,-1.33,1.58
1643,679,-1.33,1.58
1644,679,0.39,1.58
1645,679,0.56,1.58
1646,679,-0.36,1.58
1647,680,-0.36,0.96
1648,680,-0.36,0.96
1649,680,-0.13,0.96
1650,680,1.14,0.96
1651,680,1.14,0.96
1652,681,-1.33,0.88
1653,681,-1.33,0.88
1654,681,-1.33,0.88
1655,681,-0.36,0.88
1656,681,0.56,0.88
1657,681,0.56,0.88
1658,681,0.39,0.88
1659,681,-1.33,0.88
1660,681,-1.33,0.88
1661,682,0.74,1.26
1662,682,-0.13,1.26
1663,682,-0.58,1.26
1664,682,0.74,1.26
1665,683,0.74,0.29
1666,683,0.39,0.29
1667,683,0.39,0.29
1668,684,0.74,0.1
1669,684,0.39,0.1
1670,687,-0.13,1.03
1671,687,-0.58,1.03
1672,687,-1.33,1.03
1673,687,0.56,1.03
1674,687,-1.33,1.03
1675,687,-0.36,1.03
1676,687,-0.36,1.03
1677,687,0.56,1.03
1678,687,-0.13,1.03
1679,687,0.74,1.03
1680,688,0.39,0.79
1681,688,0.26,0.79
1682,688,0.03,0.79
1683,688,-0.13,0.79
1684,688,0.03,0.79
1685,689,1.52,1.08
1686,689,0.39,1.08
1687,689,0.16,1.08
1688,690,-0.36,1.45
1689,690,-0.13,1.45
1690,691,2.42,2.28
1691,693,2.42,1.03
1692,694,-0.36,0.89
1693,695,-1.33,0.52
1694,695,-0.13,0.52
1695,695,2.42,0.52
1696,695,2.42,0.52
1697,696,0.39,0.62
1698,699,0.39,0.76
1699,701,-0.36,0.37
1700,701,1.52,0.37
1701,701,1.52,0.37
1702,701,-0.13,0.37
1703,701,1.14,0.37
1704,703,0.39,1.02
1705,703,0.39,1.02
1706,703,-1.33,1.02
1707,703,-1.33,1.02
1708,703,0.16,1.02
1709,704,-0.36,1.02
1710,704,-0.36,1.02
1711,704,-0.36,1.02
1712,704,-0.58,1.02
1713,704,-0.36,1.02
1714,704,-0.13,1.02
1715,704,-0.13,1.02
1716,705,-0.36,0.89
1717,705,-0.13,0.89
1718,705,0.39,0.89
1719,705,0.26,0.89
1720,705,0.91,0.89
1721,706,0.16,1.04
1722,706,0.91,1.04
1723,706,0.16,1.04
1724,706,0.16,1.04
1725,706,0.56,1.04
1726,706,-0.13,1.04
1727,706,1.14,1.04
1728,707,0.26,0.84
1729,707,-1.33,0.84
1730,707,0.56,0.84
1731,707,0.39,0.84
1732,707,0.91,0.84
1733,707,-1.33,0.84
1734,708,1.52,0.34
1735,709,0.56,0.81
1736,709,0.74,0.81
1737,709,0.39,0.81
1738,709,0.56,0.81
1739,709,0.56,0.81
1740,709,-0.13,0.81
1741,709,2.42,0.81
1742,709,-1.33,0.81
1743,709,-0.36,0.81
1744,710,-1.33,1.25
1745,710,0.91,1.25
1746,710,0.26,1.25
1747,710,1.52,1.25
1748,710,-0.13,1.25
1749,710,-1.33,1.25
1750,710,-0.13,1.25
1751,710,-1.33,1.25
1752,710,0.39,1.25
1753,710,1.14,1.25
1754,710,-1.33,1.25
1755,710,-0.13,1.25
1756,710,0.03,1.25
1757,711,-0.13,0.91
1758,711,0.74,0.91
1759,711,0.56,0.91
1760,711,0.03,0.91
1761,711,0.91,0.91
1762,711,-0.36,0.91
1763,712,-0.13,1.16
1764,712,-0.58,1.16
1765,712,0.16,1.16
1766,712,0.16,1.16
1767,712,0.91,1.16
1768,712,-0.13,1.16
1769,712,-0.13,1.16
1770,712,0.91,1.16
1771,712,1.14,1.16
1772,712,-1.33,1.16
1773,712,-1.33,1.16
1774,713,0.39,1.23
1775,713,0.74,1.23
1776,713,0.39,1.23
1777,713,0.03,1.23
1778,713,0.74,1.23
1779,713,0.03,1.23
1780,713,0.56,1.23
1781,713,0.03,1.23
1782,714,0.16,1.14
1783,714,1.52,1.14
1784,714,-1.33,1.14
1785,714,0.74,1.14
1786,714,-1.33,1.14
1787,714,-0.13,1.14
1788,714,-0.58,1.14
1789,714,0.39,1.14
1790,715,2.42,0.83
1791,715,-0.13,0.83
1792,715,-0.13,0.83
1793,715,0.26,0.83
1794,715,1.52,0.83
1795,716,-0.36,1.52
1796,717,-0.13,2.34
1797,717,0.16,2.34
1798,717,0.26,2.34
1799,718,-1.33,2.72
1800,719,0.16,1.68
1801,719,-0.36,1.68
1802,721,1.14,2.31
1803,721,0.91,2.31
1804,721,0.39,2.31
1805,721,0.03,2.31
1806,722,-0.58,1.18
1807,722,-1.33,1.18
1808,722,0.03,1.18
1809,723,-1.33,2.34
1810,723,-0.13,2.34
1811,723,0.74,2.34
1812,723,-1.33,2.34
1813,723,-1.33,2.34
1814,723,0.74,2.34
1815,723,-1.33,2.34
1816,724,0.56,0.82
1817,724,1.52,0.82
1818,724,2.42,0.82
1819,724,1.52,0.82
1820,724,0.74,0.82
1821,724,0.91,0.82
1822,725,0.16,0.64
1823,727,-0.13,0.98
1824,727,-0.13,0.98
1825,727,2.42,0.98
1826,727,0.26,0.98
1827,727,-0.36,0.98
1828,727,2.42,0.98
1829,728,0.39,1.17
1830,728,0.56,1.17
1831,728,0.26,1.17
1832,728,0.03,1.17
1833,728,1.14,1.17
1834,730,-0.58,1.47
1835,731,1.52,0.92
1836,731,1.52,0.92
1837,731,0.39,0.92
1838,731,2.42,0.92
1839,732,-1.33,1.3
1840,732,1.14,1.3
1841,732,-1.33,1.3
1842,732,0.91,1.3
1843,732,0.16,1.3
1844,732,2.42,1.3
1845,732,0.39,1.3
1846,733,-0.58,2.06
1847,733,0.74,2.06
1848,733,0.26,2.06
1849,733,1.52,2.06
1850,733,0.74,2.06
1851,733,-1.33,2.06
1852,733,-1.33,2.06
1853,733,-1.33,2.06
1854,733,-0.36,2.06
1855,734,0.74,1.8
1856,734,0.26,1.8
1857,734,1.52,1.8
1858,734,0.03,1.8
1859,734,-0.36,1.8
1860,734,-0.58,1.8
1861,734,0.03,1.8
1862,735,-1.33,1.42
1863,735,-0.36,1.42
1864,735,-0.58,1.42
1865,736,1.14,0.87
1866,736,0.91,0.87
1867,736,-0.13,0.87
1868,736,0.56,0.87
1869,736,-0.36,0.87
1870,737,0.56,0.03
1871,737,0.56,0.03
1872,737,2.42,0.03
1873,737,0.16,0.03
1874,737,0.74,0.03
1875,741,-0.13,0.98
1876,741,-1.33,0.98
1877,742,0.91,0.97
1878,743,0.91,0.5
1879,744,0.26,0.94
1880,744,-1.33,0.94
1881,744,0.03,0.94
1882,744,0.26,0.94
1883,745,-0.36,0.93
1884,746,-1.33,1.38
1885,746,-0.58,1.38
1886,746,0.16,1.38
1887,746,0.74,1.38
1888,746,-1.33,1.38
1889,747,-1.33,0.99
1890,747,0.74,0.99
1891,747,0.03,0.99
1892,747,0.91,0.99
1893,747,-1.33,0.99
1894,748,-1.33,1.04
1895,748,-1.33,1.04
1896,748,1.14,1.04
1897,749,0.39,0.97
1898,749,-0.13,0.97
1899,750,0.03,0.48
1900,750,0.03,0.48
1901,750,-0.36,0.48
1902,752,-1.33,1.18
1903,752,-1.33,1.18
1904,752,-0.36,1.18
1905,752,-0.58,1.18
1906,752,0.03,1.18
1907,753,1.52,0.76
1908,753,0.16,0.76
1909,753,0.56,0.76
1910,753,0.26,0.76
1911,753,0.74,0.76
1912,766,0.56,1.35
1913,766,-0.13,1.35
1914,768,0.26,2.1
1915,768,-0.13,2.1
1916,769,0.56,1.58
1917,769,-1.33,1.58
1918,769,-1.33,1.58
1919,769,-1.33,1.58
1920,769,0.16,1.58
1921,771,-0.13,1.34
1922,771,0.39,1.34
1923,772,-1.33,1.84
1924,773,-0.13,0.76
1925,774,1.52,1.5
1926,774,-0.58,1.5
1927,775,-0.13,1.05
1928,775,0.91,1.05
1929,775,-0.13,1.05
1930,775,-0.58,1.05
1931,775,-0.36,1.05
1932,776,-0.13,1.49
1933,776,0.16,1.49
1934,776,-1.33,1.49
1935,776,-1.33,1.49
1936,776,0.74,1.49
1937,776,-0.36,1.49
1938,777,-1.33,1.98
1939,777,-0.58,1.98
1940,777,-1.33,1.98
1941,778,0.16,1.09
1942,778,-0.58,1.09
1943,778,-0.36,1.09
1944,778,-0.58,1.09
1945,778,0.91,1.09
1946,778,0.56,1.09
1947,778,0.91,1.09
1948,779,0.39,1.61
1949,779,-0.36,1.61
1950,779,-0.36,1.61
1951,779,1.52,1.61
1952,779,0.16,1.61
1953,779,-0.13,1.61
1954,779,-0.58,1.61
1955,779,0.91,1.61
1956,780,0.03,1.1
1957,780,0.03,1.1
1958,780,-1.33,1.1
1959,782,1.52,2.38
1960,782,-1.33,2.38
1961,782,-1.33,2.38
1962,782,0.03,2.38
1963,782,0.56,2.38
1964,783,-1.33,0.84
1965,783,0.91,0.84
1966,783,-1.33,0.84
1967,784,1.14,1.08
1968,784,-1.33,1.08
1969,785,0.16,2.02
1970,785,-0.13,2.02
1971,785,-1.33,2.02
1972,785,0.39,2.02
1973,785,0.39,2.02
1974,785,1.52,2.02
1975,785,0.03,2.02
1976,785,0.26,2.02
1977,785,0.16,2.02
1978,785,-0.13,2.02
1979,786,-1.33,2.79
1980,786,-1.33,2.79
1981,786,-1.33,2.79
1982,786,-1.33,2.79
1983,786,-1.33,2.79
1984,786,0.03,2.79
1985,787,-0.36,1.9
1986,787,0.16,1.9
1987,788,0.03,1.08
1988,788,0.16,1.08
1989,788,-0.36,1.08
1990,788,-0.36,1.08
1991,788,1.52,1.08
1992,789,-1.33,1.95
1993,789,-1.33,1.95
1994,789,-0.58,1.95
1995,789,0.16,1.95
1996,789,0.16,1.95
1997,789,-1.33,1.95
1998,790,-1.33,1.75
1999,790,-0.13,1.75
2000,790,-1.33,1.75
2001,790,-1.33,1.75
2002,791,0.16,1.32
2003,792,0.03,0.99
2004,792,0.39,0.99
2005,792,-1.33,0.99
2006,792,1.52,0.99
2007,792,-1.33,0.99
2008,792,1.52,0.99
2009,793,-0.36,2.24
2010,793,-1.33,2.24
2011,793,-0.58,2.24
2012,793,-1.33,2.24
2013,793,0.03,2.24
2014,793,0.16,2.24
2015,793,-0.36,2.24
2016,793,-1.33,2.24
2017,794,-0.36,3.41
2018,794,0.56,3.41
2019,794,-1.33,3.41
2020,794,-0.13,3.41
2021,794,-1.33,3.41
2022,794,-1.33,3.41
2023,794,-0.36,3.41
2024,794,0.03,3.41
2025,794,-1.33,3.41
2026,794,-1.33,3.41
2027,794,-0.36,3.41
2028,794,-1.33,3.41
2029,794,-1.33,3.41
2030,794,-0.36,3.41
2031,795,-0.36,2.47
2032,795,-1.33,2.47
2033,796,-0.58,1.85
2034,796,0.74,1.85
2035,796,0.39,1.85
2036,796,-1.33,1.85
2037,796,-0.36,1.85
2038,796,0.03,1.85
2039,796,0.03,1.85
2040,796,0.91,1.85
2041,796,-1.33,1.85
2042,797,-0.13,1.68
2043,797,-1.33,1.68
2044,797,-1.33,1.68
2045,797,-0.13,1.68
2046,797,-1.33,1.68
2047,798,-0.58,1.15
2048,798,0.91,1.15
2049,798,0.91,1.15
2050,798,0.39,1.15
2051,798,0.56,1.15
2052,798,0.56,1.15
2053,798,0.39,1.15
2054,798,0.16,1.15
2055,798,-0.36,1.15
2056,798,-0.36,1.15
2057,799,-0.13,0.73
2058,799,-1.33,0.73
2059,800,1.14,1.69
2060,800,-0.36,1.69
2061,801,0.26,1.27
2062,801,1.14,1.27
2063,803,-0.36,1.45
2064,803,-1.33,1.45
2065,803,-0.13,1.45
2066,803,-1.33,1.45
2067,804,0.03,3.52
2068,804,-0.36,3.52
2069,804,-0.13,3.52
2070,805,-0.36,2.04
2071,805,0.39,2.04
2072,807,-1.33,1.24
2073,807,-1.33,1.24
2074,807,0.03,1.24
2075,807,-1.33,1.24
2076,807,0.56,1.24
2077,807,0.26,1.24
2078,808,0.03,1.12
2079,808,0.56,1.12
2080,808,-0.36,1.12
2081,809,2.42,1.17
2082,809,0.39,1.17
2083,809,-1.33,1.17
2084,809,-1.33,1.17
2085,809,0.56,1.17
2086,809,0.56,1.17
2087,809,0.56,1.17
2088,812,-0.58,1.42
2089,813,-1.33,1.17
2090,813,-1.33,1.17
2091,814,1.14,0.8
2092,815,-0.13,1.45
2093,815,-1.33,1.45
2094,816,-0.36,1.99
2095,816,-0.36,1.99
2096,816,0.39,1.99
2097,816,-1.33,1.99
2098,817,-1.33,2.75
2099,817,0.56,2.75
2100,817,-1.33,2.75
2101,818,0.91,1.3
2102,818,-1.33,1.3
2103,818,0.03,1.3
2104,818,0.56,1.3
2105,818,-1.33,1.3
2106,819,-1.33,1.18
2107,819,-0.36,1.18
2108,819,0.39,1.18
2109,819,-0.58,1.18
2110,819,0.26,1.18
2111,821,0.56,1.47
2112,821,0.03,1.47
2113,822,0.74,1.24
2114,822,-1.33,1.24
2115,822,1.52,1.24
2116,822,-1.33,1.24
2117,822,1.52,1.24
2118,822,-1.33,1.24
2119,822,-1.33,1.24
2120,822,0.39,1.24
2121,822,0.56,1.24
2122,822,0.39,1.24
2123,822,1.52,1.24
2124,822,-1.33,1.24
2125,822,-1.33,1.24
2126,823,-0.58,1.61
2127,823,-1.33,1.61
2128,823,-0.58,1.61
2129,823,0.16,1.61
2130,823,-1.33,1.61
2131,823,-1.33,1.61
2132,823,0.03,1.61
2133,823,0.39,1.61
2134,823,-1.33,1.61
2135,823,1.52,1.61
2136,824,1.14,1.2
2137,824,-0.13,1.2
2138,824,0.26,1.2
2139,824,-0.58,1.2
2140,824,0.56,1.2
2141,824,-1.33,1.2
2142,824,0.39,1.2
2143,824,-1.33,1.2
2144,824,0.03,1.2
2145,824,-0.13,1.2
2146,825,0.16,1.79
2147,825,-1.33,1.79
2148,825,-1.33,1.79
2149,825,0.16,1.79
2150,825,-1.33,1.79
2151,826,1.14,1.19
2152,826,-0.58,1.19
2153,826,0.03,1.19
2154,826,0.26,1.19
2155,826,1.14,1.19
2156,827,-0.36,0.97
2157,827,1.14,0.97
2158,827,0.56,0.97
2159,827,0.39,0.97
2160,827,-1.33,0.97
2161,828,-0.13,1.03
2162,828,-1.33,1.03
2163,828,0.26,1.03
2164,828,-0.13,1.03
2165,828,1.14,1.03
2166,829,-1.33,1.07
2167,829,0.16,1.07
2168,829,-1.33,1.07
2169,831,1.52,0.58
2170,831,0.26,0.58
2171,831,-0.36,0.58
2172,832,-1.33,1.05
2173,833,1.14,0.81
2174,834,2.42,0.96
2175,835,-1.33,0.57
2176,835,0.74,0.57
2177,836,0.39,0.39
2178,836,0.26,0.39
2179,836,-1.33,0.39
2180,836,1.14,0.39
2181,837,0.16,0.26
2182,837,0.56,0.26
2183,837,1.14,0.26
2184,838,-1.33,0.64
2185,838,-0.36,0.64
2186,838,-0.13,0.64
2187,838,0.03,0.64
2188,839,-1.33,0.66
2189,839,-0.36,0.66
2190,839,0.56,0.66
2191,840,-1.33,0.75
2192,861,0.26,1.76
2193,861,0.91,1.76
2194,861,0.16,1.76
2195,861,-0.13,1.76
2196,862,-0.36,3.58
2197,863,0.56,0.92
2198,863,0.74,0.92
2199,863,0.39,0.92
2200,863,-0.36,0.92
2201,863,0.56,0.92
2202,863,0.56,0.92
2203,863,0.39,0.92
2204,863,1.52,0.92
2205,864,0.74,1
2206,864,0.74,1
2207,864,-0.13,1
2208,864,-0.36,1
2209,865,0.91,0.56
2210,865,1.52,0.56
2211,865,2.42,0.56
2212,865,2.42,0.56
2213,865,-0.13,0.56
2214,866,0.16,0.43
2215,866,0.26,0.43
2216,866,2.42,0.43
2217,866,-0.36,0.43
2218,867,-0.58,1.48
2219,1057,1.52,0.38
2220,1057,-0.13,0.38
2221,1057,2.42,0.38
2222,1058,2.42,0.47
2223,1058,1.52,0.47
2224,1059,-0.36,0.24
2225,1059,1.52,0.24
2226,1059,0.56,0.24
2227,1060,-1.33,0.41
2228,1060,0.16,0.41
2229,1060,0.74,0.41
2230,1061,1.14,0.14
2231,1061,2.42,0.14
2232,1061,2.42,0.14
2233,1062,0.91,0.6
2234,1062,2.42,0.6
2235,1062,1.52,0.6
2236,1062,2.42,0.6
2237,1062,1.52,0.6
2238,1062,0.39,0.6
2239,1063,-0.36,0.57
2240,1063,1.52,0.57
2241,1063,0.91,0.57
2242,1063,2.42,0.57
2243,1064,0.39,1.08
2244,1064,0.74,1.08
2245,1064,0.26,1.08
2246,1064,-1.33,1.08
2247,1064,-0.36,1.08
2248,1065,0.91,0.6
2249,1065,-0.36,0.6
2250,1065,0.26,0.6
2251,1066,0.39,1.13
2252,1066,2.42,1.13
2253,1066,-0.13,1.13
2254,1067,-0.36,1.82
2255,1067,-0.13,1.82
2256,1068,-0.58,1.04
2257,1069,-0.36,0.62
2258,1069,-0.13,0.62
2259,1070,0.39,0.79
2260,1070,-0.36,0.79
2261,1070,0.74,0.79
2262,1071,-0.36,0.79
2263,1071,0.74,0.79
2264,1072,0.91,0.68
2265,1072,0.16,0.68
2266,1072,0.03,0.68
2267,1072,0.56,0.68
2268,1072,0.74,0.68
2269,1072,-0.36,0.68
2270,1072,0.39,0.68
2271,1073,0.39,0.52
2272,1073,1.52,0.52
2273,1073,-0.13,0.52
2274,1073,0.91,0.52
2275,1073,0.56,0.52
2276,1073,0.56,0.52
2277,1073,0.74,0.52
2278,1073,0.74,0.52
2279,1073,0.74,0.52
2280,1073,0.74,0.52
2281,1074,2.42,1.59
2282,1074,0.91,1.59
2283,1074,-0.58,1.59
2284,1074,-0.36,1.59
2285,1074,-0.36,1.59
2286,1075,1.52,0.26
2287,1075,1.14,0.26
2288,1075,1.14,0.26
2289,1075,2.42,0.26
2290,1075,2.42,0.26
2291,1077,-1.33,1.23
2292,1078,1.14,0.67
2293,1078,0.16,0.67
2294,1079,1.14,0.73
2295,1079,1.14,0.73
2296,1087,2.42,0.2
2297,1088,1.14,0.4
2298,1088,0.39,0.4
2299,1088,2.42,0.4
2300,1090,1.52,0.58
2301,1091,1.52,0.78
2302,1092,0.39,0.93
2303,1095,0.16,0.71
2304,1095,0.74,0.71
2305,1095,1.14,0.71
2306,1096,1.52,0.91
2307,1096,1.52,0.91
2308,1096,2.42,0.91
2309,1097,1.14,0.49
2310,1098,1.52,0.79
